Title,Passage,Answers,Accept
Quan điểm & danh ngôn,"Nhạc sĩ Beethoven khẳng định: 'Âm nhạc là sự ___ cao hơn cả trí tuệ và cảm xúc.' Đảng và Nhà nước ta xác định: 'Văn hóa là nền tảng ___ của xã hội, là mục tiêu, động lực phát triển bền vững đất nước; xây dựng văn hóa là xây dựng ___.'",giác ngộ|tinh thần|con người,||
Chân – Thiện – Mỹ,"Trong bộ ba giá trị, '___' biểu thị sự thật và hiểu biết đúng đắn, khách quan; '___' gắn với đạo đức và lối sống nhân văn; còn '___' biểu thị cái đẹp. Ba phạm trù này kết hợp hài hòa và bổ sung cho nhau.",Chân|Thiện|Mỹ,||
Phương pháp thế giới,"Giáo dục âm nhạc thế giới có bốn phương pháp ảnh hưởng sâu rộng: phương pháp ___, phương pháp ___, phương pháp ___ Schulwerk và phương pháp ___. Trong đó Kodály và Orff được dùng trong giáo dục phổ thông, còn Suzuki phổ biến trong đào tạo nhạc cụ cá nhân.",Dalcroze|Kodály|Orff|Suzuki,|Kodaly||
Phương pháp Dalcroze,"Phương pháp Dalcroze do Émile Jaques-Dalcroze (người ___, 1865–1950) sáng lập, còn gọi là nhạc cảm vận động (___). Phương pháp giúp người học tiếp cận nhịp điệu, tiết tấu, cao độ qua ___ có chủ đích, đặc biệt phù hợp với giáo dục ___ và tiểu học.",Thụy Sĩ|eurhythmics|chuyển động|mầm non,||vận động|
Kodály & Orff,"Phương pháp ___ sử dụng ký hiệu ___ để giúp học sinh nhận diện cao độ, chú trọng ca hát và xướng âm. Phương pháp ___ lại chú trọng ___, gõ đệm và ứng tác, thường dùng bộ gõ.",Kodály|bàn tay|Orff|tiết tấu,Kodaly|||
Phương pháp Suzuki,"Phương pháp Suzuki gắn với nước ___, cho rằng trẻ học âm nhạc tự nhiên như học ___; phương pháp này phổ biến chủ yếu trong đào tạo ___ cá nhân và bán chuyên.",Nhật Bản|tiếng mẹ đẻ|nhạc cụ,Nhật|tiếng mẹ|
Di sản UNESCO Việt Nam,"Các di sản âm nhạc phi vật thể Việt Nam được UNESCO công nhận gồm Ca trù, ___ cung đình Huế, Đờn ca tài tử, Không gian văn hóa ___ Tây Nguyên và Dân ca Quan họ ___.",Nhã nhạc|cồng chiêng|Bắc Ninh,||
Quan họ Bắc Ninh,"Dân ca Quan họ Bắc Ninh được UNESCO công nhận năm ___, thuộc vùng văn hóa ___, được lưu truyền chủ yếu bằng phương thức ___, gắn với lễ hội ___. Nghệ nhân ___ được xem như 'báu vật nhân văn sống' của Quan họ.",2009|Kinh Bắc|truyền khẩu|Lim|Nguyễn Thị Cầu,|||hội Lim|
Vai trò phương pháp,"Trong giáo dục âm nhạc, phương pháp giữ vai trò ___, quyết định trực tiếp đến ___ và hiệu quả của quá trình dạy học, đồng thời phản ánh tính hiện đại của một nền giáo dục.",then chốt|chất lượng,|
