ID,Question,OptionA,OptionB,OptionC,OptionD,Answer
1,Bốn phương pháp giáo dục âm nhạc thế giới nổi bật là?,"Dalcroze, Kodály, Orff Schulwerk, Suzuki","Montessori, Kodály, Orff, Suzuki","Dalcroze, Waldorf, Orff, Mozart","Kodály, Orff, Suzuki, Dewey",A
2,Các phương pháp giáo dục âm nhạc hiện đại chủ yếu hình thành vào thời gian nào?,Thế kỷ XVII,Cuối thế kỷ XIX và nửa đầu thế kỷ XX,Giữa thế kỷ XX,Đầu thế kỷ XXI,B
3,Émile Jaques-Dalcroze (1865–1950) là người nước nào?,Pháp,Thụy Sĩ,Đức,Hungary,B
4,Phương pháp Dalcroze còn được gọi là gì?,Nhạc cảm vận động (eurhythmics),Ký hiệu bàn tay,Học như tiếng mẹ đẻ,Orff Schulwerk,A
5,Phương pháp Dalcroze đặc biệt phù hợp với bậc học nào?,Đại học,Mầm non và tiểu học,Sau đại học,Nhạc viện chuyên nghiệp,B
6,"Phương pháp Dalcroze cho người học tiếp cận nhịp điệu, cao độ thông qua?",Lý thuyết trừu tượng,Chuyển động cơ thể có chủ đích,Ghi nhớ ký hiệu,Nghe thụ động,B
7,"Thành tố trung tâm, nổi bật nhất của phương pháp Dalcroze là?",Âm nhạc theo nhịp điệu (vận động),Thuyết giảng,Chép nhạc,Luyện ngón,A
8,Phương pháp nào dùng ký hiệu bàn tay để giúp học sinh nhận diện cao độ?,Dalcroze,Kodály,Orff,Suzuki,B
9,Phương pháp Orff chú trọng điều gì?,Lý thuyết hàn lâm,"Tiết tấu, gõ đệm và ứng tác",Chép chính tả,Độc tấu điêu luyện,B
10,Phương pháp Suzuki gắn liền với nước nào?,Hàn Quốc,Nhật Bản,Trung Quốc,Mỹ,B
11,Phương pháp Suzuki phổ biến chủ yếu trong lĩnh vực nào?,Giáo dục phổ thông đại trà,Đào tạo nhạc cụ cá nhân và bán chuyên,Hợp xướng nhà thờ,Lý luận âm nhạc,B
12,Kodály và Orff hiện được vận dụng chủ yếu ở đâu?,Nhạc viện chuyên nghiệp,Hệ thống giáo dục phổ thông ở nhiều quốc gia,Phòng thu âm,Sân khấu biểu diễn,B
13,"Theo Chosky và cộng sự, một phương pháp GDAN đúng nghĩa KHÔNG bao gồm yếu tố nào?",Triết lý/nguyên tắc có thể nhận diện,Hệ thống sư phạm thống nhất,Mục tiêu nhân văn,Mục đích thuần túy thương mại,D
